Sku,Sku_Description,Sku_Category,Sku_Subcategory
11058,Frosted Mango ,Sugar-free,Cereal bars
29207,Nut Cheerios Mango ,Super-flavour,Cereal box
38379,MultiGrain Mango ,Sugar-free,Cereal bars
42671,Crunch Mango ,Sugar-free,Cereal bars
54644,Corn Mango ,Sugar-free,Cereal bars
62660,Graham Mango ,Sugar-free,Cereal bars
72707,Sugar Mango ,Sugar-free,Cereal bars
83421,Peanut Butter Mango ,Sugar-free,Cereal bars
95265,Chocos Mango ,Sugar-free,Cereal bars
101271,Coco Poops Mango ,Sugar-free,Cereal bars
115019,Cookies Mango ,Sugar-free,Cereal bars
126368,Crispy Rice Mango ,Super-flavour,Cereal box
139842,Crunch Berries Mango ,Sugar-free,Cereal bars
149873,Cornflakes Mango ,Sugar-free,Cereal bars
159897,Crunchy Bran Mango ,Sugar-free,Cereal bars
160084,Crunchy Nut Cornflakes Mango ,Sugar-free,Cereal bars
170091,Double Dip Crunch Mango ,Sugar-free,Cereal bars
180374,Fruit & Bran Mango ,Sugar-free,Cereal bars
190381,Fruit & Nut Mango ,Sugar-free,Cereal bars
201100,Golden Goals Mango ,Super-flavour,Cereal box
210069,Gorilla Mango ,Sugar-free,Cereal bars
220083,Granola Mango ,Sugar-free,Cereal bars
233009,Grape-Nuts Mango ,Super-flavour,Cereal box
247205,Cups Mango ,Super-flavour,Cereal box
251779,Puffs Mango ,Sugar-free,Cereal bars
261747,Stars Mango ,Sugar-free,Cereal bars
271754,Crunch Life Mango ,Sugar-free,Cereal bars
281761,Lucjy Charms Mango ,Sugar-free,Cereal bars
290103,Muesli Mango ,Sugar-free,Cereal bars
300226,Grain Mango ,Sugar-free,Cereal bars
310149,Squares Mango ,Sugar-free,Cereal bars
327636,Crisp Mango ,Sugar-free,Cereal bars
337628,Toast Mango ,Sugar-free,Cereal bars
347635,Frosted Banana Choc-Chip,Sugar-free,Cereal bars
358096,Nut Cheerios Banana Choc-Chip,Sugar-free,Cereal bars
368102,MultiGrain Banana Choc-Chip,Sugar-free,Cereal bars
378119,Crunch Banana Choc-Chip,Sugar-free,Cereal bars
388126,Corn Banana Choc-Chip,Sugar-free,Cereal bars
390169,Graham Banana Choc-Chip,Super-flavour,Cereal box
404382,Sugar Banana Choc-Chip,Sugar-free,Cereal bars
410858,Peanut Butter Banana Choc-Chip,Sugar-free,Cereal bars
425902,Chocos Banana Choc-Chip,Super-flavour,Cereal box
437104,Coco Poops Banana Choc-Chip,Super-flavour,Cereal box
447807,Cookies Banana Choc-Chip,Super-flavour,Cereal box
450101,Crispy Rice Banana Choc-Chip,Sugar-free,Cereal bars
460194,Crunch Berries Banana Choc-Chip,Sugar-free,Cereal bars
470224,Cornflakes Banana Choc-Chip,Sugar-free,Cereal bars
480309,Crunchy Bran Banana Choc-Chip,Sugar-free,Cereal bars
492013,Crunchy Nut Cornflakes Banana Choc-Chip,Super-flavour,Cereal box
502020,Double Dip Crunch Banana Choc-Chip,Super-flavour,Cereal box
512051,Fruit & Bran Banana Choc-Chip,Super-flavour,Cereal box
520179,Fruit & Nut Banana Choc-Chip,Sugar-free,Cereal bars
530285,Golden Goals Banana Choc-Chip,Sugar-free,Cereal bars
540292,Gorilla Banana Choc-Chip,Sugar-free,Cereal bars
550308,Granola Banana Choc-Chip,Sugar-free,Cereal bars
562225,Grape-Nuts Banana Choc-Chip,Sugar-free,Cereal bars
573758,Cups Banana Choc-Chip,Sugar-free,Cereal bars
584465,Puffs Banana Choc-Chip,Sugar-free,Cereal bars
594472,Stars Banana Choc-Chip,Sugar-free,Cereal bars
606103,Crunch Life Banana Choc-Chip,Sugar-free,Cereal bars
616202,Lucjy Charms Banana Choc-Chip,Sugar-free,Cereal bars
620007,Muesli Banana Choc-Chip,Super-flavour,Cereal box
636637,Grain Banana Choc-Chip,Sugar-free,Cereal bars
644522,Squares Banana Choc-Chip,Sugar-free,Cereal bars
655144,Crisp Banana Choc-Chip,Sugar-free,Cereal bars
661424,Toast Banana Choc-Chip,Sugar-free,Cereal bars
675232,Frosted Orange,Sugar-free,Cereal bars
680680,Nut Cheerios Orange,Super-flavour,Cereal box
690703,MultiGrain Orange,Super-flavour,Cereal box
701168,Crunch Orange,Sugar-free,Cereal bars
711724,Corn Orange,Sugar-free,Cereal bars
721731,Graham Orange,Sugar-free,Cereal bars
731847,Sugar Orange,Sugar-free,Cereal bars
741984,Peanut Butter Orange,Sugar-free,Cereal bars
751015,Chocos Orange,Super-flavour,Cereal box
760114,Coco Poops Orange,Sugar-free,Cereal bars
770113,Cookies Orange,Sugar-free,Cereal bars
782342,Crispy Rice Orange,Sugar-free,Cereal bars
791010,Crunch Berries Orange,Sugar-free,Cereal bars
801027,Cornflakes Orange,Sugar-free,Cereal bars
811041,Crunchy Bran Orange,Sugar-free,Cereal bars
821096,Crunchy Nut Cornflakes Orange,Sugar-free,Cereal bars
833769,Double Dip Crunch Orange,Sugar-free,Cereal bars
843776,Fruit & Bran Orange,Sugar-free,Cereal bars
855602,Fruit & Nut Orange,Sugar-free,Cereal bars
860119,Golden Goals Orange,Sugar-free,Cereal bars
870317,Gorilla Orange,Super-flavour,Cereal box
880118,Granola Orange,Sugar-free,Cereal bars
890316,Grape-Nuts Orange,Super-flavour,Cereal box
900117,Cups Orange,Sugar-free,Cereal bars
910116,Puffs Orange,Sugar-free,Cereal bars
920115,Stars Orange,Sugar-free,Cereal bars
930114,Crunch Life Orange,Sugar-free,Cereal bars
940112,Lucjy Charms Orange,Sugar-free,Cereal bars
950150,Muesli Orange,Sugar-free,Cereal bars
960303,Grain Orange,Sugar-free,Cereal bars
970030,Squares Orange,Sugar-free,Cereal bars
980047,Crisp Orange,Sugar-free,Cereal bars
991101,Toast Orange,Sugar-free,Cereal bars
1001200,Frosted Honey,Sugar-free,Cereal bars
1010042,Nut Cheerios Honey,Super-flavour,Cereal box
1020146,MultiGrain Honey,Sugar-free,Cereal bars
1034874,Crunch Honey,Sugar-free,Cereal bars
1044881,Corn Honey,Sugar-free,Cereal bars
1050011,Graham Honey,Sugar-free,Cereal bars
1060028,Sugar Honey,Sugar-free,Cereal bars
1070035,Peanut Butter Honey,Sugar-free,Cereal bars
1081538,Chocos Honey,Sugar-free,Cereal bars
1090742,Coco Poops Honey,Sugar-free,Cereal bars
1102286,Cookies Honey,Sugar-free,Cereal bars
1112293,Crispy Rice Honey,Sugar-free,Cereal bars
1122309,Crunch Berries Honey,Sugar-free,Cereal bars
1136809,Cornflakes Honey,Sugar-free,Cereal bars
1147639,Crunchy Bran Honey,Sugar-free,Cereal bars
1157660,Crunchy Nut Cornflakes Honey,Sugar-free,Cereal bars
1161240,Double Dip Crunch Honey,Super-flavour,Cereal box
1179464,Fruit & Bran Honey,Sugar-free,Cereal bars
1180000,Fruit & Nut Honey,Super-flavour,Cereal box
1190001,Golden Goals Honey,Super-flavour,Cereal box
1200004,Gorilla Honey,Super-flavour,Cereal box
1210001,Granola Honey,Super-flavour,Cereal box
1220130,Grape-Nuts Honey,Super-flavour,Cereal box
1231842,Cups Honey,Super-flavour,Cereal box
1241731,Puffs Honey,Super-flavour,Cereal box
1257260,Stars Honey,Super-flavour,Cereal box
1265029,Crunch Life Honey,Sugar-free,Cereal bars
1273672,Lucjy Charms Honey,Sugar-free,Cereal bars
1281000,Muesli Honey,Sugar-free,Cereal bars
1290506,Grain Honey,Sugar-free,Cereal bars
1300605,Squares Honey,Sugar-free,Cereal bars
1310704,Crisp Honey,Sugar-free,Cereal bars
1320803,Toast Honey,Sugar-free,Cereal bars
1330902,Frosted Lemon,Sugar-free,Cereal bars
1340835,Nut Cheerios Lemon,Sugar-free,Cereal bars
1350873,MultiGrain Lemon,Super-flavour,Cereal box
1360426,Crunch Lemon,Super-flavour,Cereal box
1370425,Corn Lemon,Super-flavour,Cereal box
1380517,Graham Lemon,Super-flavour,Cereal box
1391613,Sugar Lemon,Sugar-free,Cereal bars
1404027,Peanut Butter Lemon,Super-flavour,Cereal box
1417905,Chocos Lemon,Sugar-free,Cereal bars
1420789,Coco Poops Lemon,Super-flavour,Cereal box
1430956,Cookies Lemon,Super-flavour,Cereal box
1441229,Crispy Rice Lemon,Super-flavour,Cereal box
1450073,Crunch Berries Lemon,Sugar-free,Cereal bars
1460080,Cornflakes Lemon,Sugar-free,Cereal bars
1470097,Crunchy Bran Lemon,Sugar-free,Cereal bars
1480103,Crunchy Nut Cornflakes Lemon,Sugar-free,Cereal bars
1490363,Double Dip Crunch Lemon,Sugar-free,Cereal bars
1500370,Fruit & Bran Lemon,Sugar-free,Cereal bars
1510003,Fruit & Nut Lemon,Super-flavour,Cereal box
1520034,Golden Goals Lemon,Super-flavour,Cereal box
1530805,Gorilla Lemon,Sugar-free,Cereal bars
1541451,Granola Lemon,Super-flavour,Cereal box
1551468,Grape-Nuts Lemon,Super-flavour,Cereal box
1562212,Cups Lemon,Super-flavour,Cereal box
1572236,Puffs Lemon,Super-flavour,Cereal box
1582373,Stars Lemon,Super-flavour,Cereal box
1592632,Crunch Life Lemon,Super-flavour,Cereal box
1602649,Lucjy Charms Lemon,Super-flavour,Cereal box
1613134,Muesli Lemon,Super-flavour,Cereal box
1623332,Grain Lemon,Super-flavour,Cereal box
1633806,Squares Lemon,Sugar-free,Cereal bars
1643936,Crisp Lemon,Super-flavour,Cereal box
1653981,Toast Lemon,Super-flavour,Cereal box
1664049,Frosted Lime,Sugar-free,Cereal bars
1674056,Nut Cheerios Lime,Super-flavour,Cereal box
1685008,MultiGrain Lime,Sugar-free,Cereal bars
1695015,Crunch Lime,Sugar-free,Cereal bars
1705053,Corn Lime,Sugar-free,Cereal bars
1715183,Graham Lime,Sugar-free,Cereal bars
1725299,Sugar Lime,Super-flavour,Cereal box
1735336,Peanut Butter Lime,Sugar-free,Cereal bars
1745343,Chocos Lime,Sugar-free,Cereal bars
1755350,Coco Poops Lime,Sugar-free,Cereal bars
1765374,Cookies Lime,Sugar-free,Cereal bars
1775398,Crispy Rice Lime,Sugar-free,Cereal bars
1785411,Crunch Berries Lime,Sugar-free,Cereal bars
1795596,Cornflakes Lime,Sugar-free,Cereal bars
1805657,Crunchy Bran Lime,Sugar-free,Cereal bars
1815664,Crunchy Nut Cornflakes Lime,Sugar-free,Cereal bars
1825671,Double Dip Crunch Lime,Sugar-free,Cereal bars
1835763,Fruit & Bran Lime,Super-flavour,Cereal box
1845831,Fruit & Nut Lime,Sugar-free,Cereal bars
1855848,Golden Goals Lime,Super-flavour,Cereal box
1865862,Gorilla Lime,Sugar-free,Cereal bars
1875879,Granola Lime,Sugar-free,Cereal bars
1886104,Grape-Nuts Lime,Sugar-free,Cereal bars
1890088,Cups Lime,Sugar-free,Cereal bars
1900101,Puffs Lime,Sugar-free,Cereal bars
1916066,Stars Lime,Sugar-free,Cereal bars
1926097,Crunch Life Lime,Sugar-free,Cereal bars
1936516,Lucjy Charms Lime,Sugar-free,Cereal bars
1947278,Muesli Lime,Sugar-free,Cereal bars
1957315,Grain Lime,Sugar-free,Cereal bars
1960193,Squares Lime,Sugar-free,Cereal bars
1970285,Crisp Lime,Sugar-free,Cereal bars
1981299,Toast Lime,Sugar-free,Cereal bars
1991305,Frosted Honey Pokey,Sugar-free,Cereal bars
2001312,Nut Cheerios Honey Pokey,Sugar-free,Cereal bars
2011329,MultiGrain Honey Pokey,Sugar-free,Cereal bars
2021336,Crunch Honey Pokey,Sugar-free,Cereal bars
2031343,Corn Honey Pokey,Sugar-free,Cereal bars
2041350,Graham Honey Pokey,Sugar-free,Cereal bars
2052159,Sugar Honey Pokey,Sugar-free,Cereal bars
2062258,Peanut Butter Honey Pokey,Super-flavour,Cereal box
2072395,Chocos Honey Pokey,Sugar-free,Cereal bars
2083002,Coco Poops Honey Pokey,Sugar-free,Cereal bars
2093026,Cookies Honey Pokey,Sugar-free,Cereal bars
2103156,Crispy Rice Honey Pokey,Super-flavour,Cereal box
2113248,Crunch Berries Honey Pokey,Sugar-free,Cereal bars
2123330,Cornflakes Honey Pokey,Sugar-free,Cereal bars
2133347,Crunchy Bran Honey Pokey,Sugar-free,Cereal bars
2143385,Crunchy Nut Cornflakes Honey Pokey,Sugar-free,Cereal bars
2153392,Double Dip Crunch Honey Pokey,Sugar-free,Cereal bars
2163408,Fruit & Bran Honey Pokey,Sugar-free,Cereal bars
2173415,Fruit & Nut Honey Pokey,Sugar-free,Cereal bars
2183460,Golden Goals Honey Pokey,Sugar-free,Cereal bars
2193521,Gorilla Honey Pokey,Sugar-free,Cereal bars
2203538,Granola Honey Pokey,Sugar-free,Cereal bars
2213736,Grape-Nuts Honey Pokey,Sugar-free,Cereal bars
2223774,Cups Honey Pokey,Sugar-free,Cereal bars
2233781,Puffs Honey Pokey,Sugar-free,Cereal bars
2243804,Stars Honey Pokey,Sugar-free,Cereal bars
2253811,Crunch Life Honey Pokey,Sugar-free,Cereal bars
2263828,Lucjy Charms Honey Pokey,Sugar-free,Cereal bars
2273842,Muesli Honey Pokey,Sugar-free,Cereal bars
2283897,Grain Honey Pokey,Sugar-free,Cereal bars
2293903,Squares Honey Pokey,Sugar-free,Cereal bars
2303934,Crisp Honey Pokey,Super-flavour,Cereal box
2314528,Toast Honey Pokey,Sugar-free,Cereal bars
2325099,Frosted Macadamia Nut,Sugar-free,Cereal bars
2335358,Nut Cheerios Macadamia Nut,Sugar-free,Cereal bars
2345426,MultiGrain Macadamia Nut,Sugar-free,Cereal bars
2355440,Crunch Macadamia Nut,Sugar-free,Cereal bars
2365457,Corn Macadamia Nut,Sugar-free,Cereal bars
2375464,Graham Macadamia Nut,Sugar-free,Cereal bars
2385471,Sugar Macadamia Nut,Sugar-free,Cereal bars
2395501,Peanut Butter Macadamia Nut,Sugar-free,Cereal bars
2405686,Chocos Macadamia Nut,Super-flavour,Cereal box
2415723,Coco Poops Macadamia Nut,Sugar-free,Cereal bars
2426041,Cookies Macadamia Nut,Sugar-free,Cereal bars
2436089,Crispy Rice Macadamia Nut,Sugar-free,Cereal bars
2446096,Crunch Berries Macadamia Nut,Sugar-free,Cereal bars
2456201,Cornflakes Macadamia Nut,Sugar-free,Cereal bars
2466225,Crunchy Bran Macadamia Nut,Sugar-free,Cereal bars
2476478,Crunchy Nut Cornflakes Macadamia Nut,Sugar-free,Cereal bars
2486737,Double Dip Crunch Macadamia Nut,Sugar-free,Cereal bars
2496812,Fruit & Bran Macadamia Nut,Super-flavour,Cereal box
2506850,Fruit & Nut Macadamia Nut,Sugar-free,Cereal bars
2516874,Golden Goals Macadamia Nut,Sugar-free,Cereal bars
2526881,Gorilla Macadamia Nut,Super-flavour,Cereal box
2536928,Granola Macadamia Nut,Sugar-free,Cereal bars
2547024,Grape-Nuts Macadamia Nut,Super-flavour,Cereal box
2557062,Cups Macadamia Nut,Super-flavour,Cereal box
2567277,Puffs Macadamia Nut,Super-flavour,Cereal box
2577284,Stars Macadamia Nut,Super-flavour,Cereal box
2587291,Crunch Life Macadamia Nut,Sugar-free,Cereal bars
2597475,Lucjy Charms Macadamia Nut,Sugar-free,Cereal bars
2607567,Muesli Macadamia Nut,Sugar-free,Cereal bars
2617574,Grain Macadamia Nut,Sugar-free,Cereal bars
2627758,Squares Macadamia Nut,Sugar-free,Cereal bars
2637765,Crisp Macadamia Nut,Sugar-free,Cereal bars
2647772,Toast Macadamia Nut,Sugar-free,Cereal bars
2657789,Frosted Kinda,Sugar-free,Cereal bars
2667796,Nut Cheerios Kinda,Sugar-free,Cereal bars
2677802,MultiGrain Kinda,Sugar-free,Cereal bars
2687918,Crunch Kinda,Sugar-free,Cereal bars
2698441,Corn Kinda,Sugar-free,Cereal bars
2708472,Graham Kinda,Sugar-free,Cereal bars
2718564,Sugar Kinda,Sugar-free,Cereal bars
2728625,Peanut Butter Kinda,Super-flavour,Cereal box
2738670,Chocos Kinda,Sugar-free,Cereal bars
2749127,Coco Poops Kinda,Sugar-free,Cereal bars
2759134,Cookies Kinda,Sugar-free,Cereal bars
2769141,Crispy Rice Kinda,Sugar-free,Cereal bars
2779158,Crunch Berries Kinda,Sugar-free,Cereal bars
2789219,Cornflakes Kinda,Sugar-free,Cereal bars
2799608,Crunchy Bran Kinda,Sugar-free,Cereal bars
2809615,Crunchy Nut Cornflakes Kinda,Sugar-free,Cereal bars
2819622,Double Dip Crunch Kinda,Sugar-free,Cereal bars
2829714,Fruit & Bran Kinda,Sugar-free,Cereal bars
2830666,Fruit & Nut Kinda,Sugar-free,Cereal bars
2841113,Golden Goals Kinda,Sugar-free,Cereal bars
2851144,Gorilla Kinda,Sugar-free,Cereal bars
2862073,Granola Kinda,Sugar-free,Cereal bars
2874398,Grape-Nuts Kinda,Sugar-free,Cereal bars
2884404,Cups Kinda,Super-flavour,Cereal box
2894442,Puffs Kinda,Sugar-free,Cereal bars
2904770,Stars Kinda,Sugar-free,Cereal bars
2914961,Crunch Life Kinda,Super-flavour,Cereal box
2925210,Lucjy Charms Kinda,Sugar-free,Cereal bars
2935357,Muesli Kinda,Sugar-free,Cereal bars
2945760,Grain Kinda,Sugar-free,Cereal bars
2956811,Squares Kinda,Sugar-free,Cereal bars
2966828,Crisp Kinda,Sugar-free,Cereal bars
2976835,Toast Kinda,Sugar-free,Cereal bars
2986873,Frosted Caramel,Sugar-free,Cereal bars
2997047,Nut Cheerios Caramel,Sugar-free,Cereal bars
3007054,MultiGrain Caramel,Sugar-free,Cereal bars
3017061,Crunch Caramel,Sugar-free,Cereal bars
3027078,Corn Caramel,Sugar-free,Cereal bars
3037092,Graham Caramel,Sugar-free,Cereal bars
3047665,Sugar Caramel,Super-flavour,Cereal box
3057771,Peanut Butter Caramel,Super-flavour,Cereal box
3068310,Chocos Caramel,Sugar-free,Cereal bars
3078327,Coco Poops Caramel,Sugar-free,Cereal bars
3088419,Cookies Caramel,Sugar-free,Cereal bars
3098440,Crispy Rice Caramel,Sugar-free,Cereal bars
3108464,Crunch Berries Caramel,Sugar-free,Cereal bars
3118495,Cornflakes Caramel,Sugar-free,Cereal bars
3128518,Crunchy Bran Caramel,Sugar-free,Cereal bars
3138549,Crunchy Nut Cornflakes Caramel,Sugar-free,Cereal bars
3148556,Double Dip Crunch Caramel,Sugar-free,Cereal bars
3158624,Fruit & Bran Caramel,Sugar-free,Cereal bars
3168631,Fruit & Nut Caramel,Sugar-free,Cereal bars
3178648,Golden Goals Caramel,Sugar-free,Cereal bars
3180160,Gorilla Caramel,Sugar-free,Cereal bars
3190177,Granola Caramel,Sugar-free,Cereal bars
3200245,Grape-Nuts Caramel,Super-flavour,Cereal box
3210252,Cups Caramel,Super-flavour,Cereal box
3220672,Puffs Caramel,Sugar-free,Cereal bars
3230757,Stars Caramel,Sugar-free,Cereal bars
3240771,Crunch Life Caramel,Sugar-free,Cereal bars
3250955,Lucjy Charms Caramel,Sugar-free,Cereal bars
3260962,Muesli Caramel,Sugar-free,Cereal bars
3270979,Grain Caramel,Sugar-free,Cereal bars
3280986,Squares Caramel,Sugar-free,Cereal bars
3291242,Crisp Caramel,Sugar-free,Cereal bars
3302274,Toast Caramel,Sugar-free,Cereal bars
3310132,Frosted Caramel Fudge,Sugar-free,Cereal bars
3320231,Nut Cheerios Caramel Fudge,Sugar-free,Cereal bars
3330514,MultiGrain Caramel Fudge,Sugar-free,Cereal bars
3340521,Crunch Caramel Fudge,Sugar-free,Cereal bars
3350083,Corn Caramel Fudge,Super-flavour,Cereal box
3360144,Graham Caramel Fudge,Sugar-free,Cereal bars
3370151,Sugar Caramel Fudge,Sugar-free,Cereal bars
3380168,Peanut Butter Caramel Fudge,Sugar-free,Cereal bars
3390010,Chocos Caramel Fudge,Sugar-free,Cereal bars
3400027,Coco Poops Caramel Fudge,Sugar-free,Cereal bars
3410082,Cookies Caramel Fudge,Sugar-free,Cereal bars
3420099,Crispy Rice Caramel Fudge,Sugar-free,Cereal bars
3430105,Crunch Berries Caramel Fudge,Sugar-free,Cereal bars
3440617,Cornflakes Caramel Fudge,Super-flavour,Cereal box
3450631,Crunchy Bran Caramel Fudge,Super-flavour,Cereal box
3460679,Crunchy Nut Cornflakes Caramel Fudge,Super-flavour,Cereal box
3470716,Double Dip Crunch Caramel Fudge,Super-flavour,Cereal box
3480891,Fruit & Bran Caramel Fudge,Super-flavour,Cereal box
3490907,Fruit & Nut Caramel Fudge,Super-flavour,Cereal box
3501010,Golden Goals Caramel Fudge,Super-flavour,Cereal box
3511096,Gorilla Caramel Fudge,Super-flavour,Cereal box
3521478,Granola Caramel Fudge,Sugar-free,Cereal bars
3531669,Grape-Nuts Caramel Fudge,Sugar-free,Cereal bars
3541713,Cups Caramel Fudge,Sugar-free,Cereal bars
3551744,Puffs Caramel Fudge,Sugar-free,Cereal bars
3561768,Stars Caramel Fudge,Sugar-free,Cereal bars
3571904,Crunch Life Caramel Fudge,Sugar-free,Cereal bars
3581911,Lucjy Charms Caramel Fudge,Sugar-free,Cereal bars
3592123,Muesli Caramel Fudge,Sugar-free,Cereal bars
3602147,Grain Caramel Fudge,Sugar-free,Cereal bars
3612277,Squares Caramel Fudge,Sugar-free,Cereal bars
3622468,Crisp Caramel Fudge,Super-flavour,Cereal box
3632482,Toast Caramel Fudge,Super-flavour,Cereal box
3642727,Frosted Caramel Macadamia,Super-flavour,Cereal box
3654769,Nut Cheerios Caramel Macadamia,Super-flavour,Cereal box
3664783,MultiGrain Caramel Macadamia,Super-flavour,Cereal box
3674837,Crunch Caramel Macadamia,Super-flavour,Cereal box
3684905,Corn Caramel Macadamia,Super-flavour,Cereal box
3696855,Graham Caramel Macadamia,Super-flavour,Cereal box
3708743,Sugar Caramel Macadamia,Sugar-free,Cereal bars
3712078,Peanut Butter Caramel Macadamia,Super-flavour,Cereal box
3722085,Chocos Caramel Macadamia,Super-flavour,Cereal box
3736618,Coco Poops Caramel Macadamia,Super-flavour,Cereal box
3746663,Cookies Caramel Macadamia,Super-flavour,Cereal box
3756670,Crispy Rice Caramel Macadamia,Super-flavour,Cereal box
3761605,Crunch Berries Caramel Macadamia,Super-flavour,Cereal box
3771612,Cornflakes Caramel Macadamia,Super-flavour,Cereal box
3787091,Crunchy Bran Caramel Macadamia,Super-flavour,Cereal box
3797152,Crunchy Nut Cornflakes Caramel Macadamia,Super-flavour,Cereal box
3808012,Double Dip Crunch Caramel Macadamia,Super-flavour,Cereal box
3818029,Fruit & Bran Caramel Macadamia,Super-flavour,Cereal box
3828180,Fruit & Nut Caramel Macadamia,Super-flavour,Cereal box
3831081,Golden Goals Caramel Macadamia,Super-flavour,Cereal box
3847152,Gorilla Caramel Macadamia,Super-flavour,Cereal box
3854011,Granola Caramel Macadamia,Super-flavour,Cereal box
3864028,Grape-Nuts Caramel Macadamia,Super-flavour,Cereal box
3874479,Cups Caramel Macadamia,Super-flavour,Cereal box
3880019,Puffs Caramel Macadamia,Sugar-free,Cereal bars
3890026,Stars Caramel Macadamia,Sugar-free,Cereal bars
3900156,Crunch Life Caramel Macadamia,Sugar-free,Cereal bars
3910293,Lucjy Charms Caramel Macadamia,Sugar-free,Cereal bars
3920217,Muesli Caramel Macadamia,Sugar-free,Cereal bars
3932501,Grain Caramel Macadamia,Sugar-free,Cereal bars
3942518,Squares Caramel Macadamia,Sugar-free,Cereal bars
3952333,Crisp Caramel Macadamia,Sugar-free,Cereal bars
3962609,Toast Caramel Macadamia,Sugar-free,Cereal bars
3972616,Frosted Chocolate,Sugar-free,Cereal bars
3982715,Nut Cheerios Chocolate,Sugar-free,Cereal bars
3992722,MultiGrain Chocolate,Sugar-free,Cereal bars
4002739,Crunch Chocolate,Sugar-free,Cereal bars
4012746,Corn Chocolate,Sugar-free,Cereal bars
4022814,Graham Chocolate,Sugar-free,Cereal bars
4032821,Sugar Chocolate,Sugar-free,Cereal bars
4042845,Peanut Butter Chocolate,Sugar-free,Cereal bars
4052951,Chocos Chocolate,Sugar-free,Cereal bars
4062975,Coco Poops Chocolate,Sugar-free,Cereal bars
4070120,Cookies Chocolate,Sugar-free,Cereal bars
4080144,Crispy Rice Chocolate,Sugar-free,Cereal bars
4090198,Crunch Berries Chocolate,Super-flavour,Cereal box
4100211,Cornflakes Chocolate,Super-flavour,Cereal box
4110303,Crunchy Bran Chocolate,Sugar-free,Cereal bars
4120327,Crunchy Nut Cornflakes Chocolate,Sugar-free,Cereal bars
4130341,Double Dip Crunch Chocolate,Sugar-free,Cereal bars
4141331,Fruit & Bran Chocolate,Super-flavour,Cereal box
4151348,Fruit & Nut Chocolate,Super-flavour,Cereal box
4161386,Golden Goals Chocolate,Super-flavour,Cereal box
4172475,Gorilla Chocolate,Super-flavour,Cereal box
4182482,Granola Chocolate,Super-flavour,Cereal box
4192499,Grape-Nuts Chocolate,Super-flavour,Cereal box
4209005,Cups Chocolate,Sugar-free,Cereal bars
4210995,Puffs Chocolate,Sugar-free,Cereal bars
4220015,Stars Chocolate,Sugar-free,Cereal bars
4230022,Crunch Life Chocolate,Sugar-free,Cereal bars
4240039,Lucjy Charms Chocolate,Sugar-free,Cereal bars
4250046,Muesli Chocolate,Sugar-free,Cereal bars
4260053,Grain Chocolate,Sugar-free,Cereal bars
4270121,Squares Chocolate,Super-flavour,Cereal box
4280244,Crisp Chocolate,Super-flavour,Cereal box
4290336,Toast Chocolate,Super-flavour,Cereal box
4300343,Frosted Mango Peach,Super-flavour,Cereal box
4310701,Nut Cheerios Mango Peach,Sugar-free,Cereal bars
4320718,MultiGrain Mango Peach,Sugar-free,Cereal bars
4330800,Crunch Mango Peach,Sugar-free,Cereal bars
4340985,Corn Mango Peach,Sugar-free,Cereal bars
4351043,Graham Mango Peach,Sugar-free,Cereal bars
4361050,Sugar Mango Peach,Sugar-free,Cereal bars
4371364,Peanut Butter Mango Peach,Super-flavour,Cereal box
4381425,Chocos Mango Peach,Sugar-free,Cereal bars
4391449,Coco Poops Mango Peach,Sugar-free,Cereal bars
4401524,Cookies Mango Peach,Sugar-free,Cereal bars
4412040,Crispy Rice Mango Peach,Sugar-free,Cereal bars
4422187,Crunch Berries Mango Peach,Sugar-free,Cereal bars
4432194,Cornflakes Mango Peach,Sugar-free,Cereal bars
4442378,Crunchy Bran Mango Peach,Sugar-free,Cereal bars
4452545,Crunchy Nut Cornflakes Mango Peach,Sugar-free,Cereal bars
4463092,Double Dip Crunch Mango Peach,Sugar-free,Cereal bars
4473122,Fruit & Bran Mango Peach,Sugar-free,Cereal bars
4483207,Fruit & Nut Mango Peach,Sugar-free,Cereal bars
4493733,Golden Goals Mango Peach,Super-flavour,Cereal box
4503771,Gorilla Mango Peach,Sugar-free,Cereal bars
4513917,Granola Mango Peach,Sugar-free,Cereal bars
4523924,Grape-Nuts Mango Peach,Super-flavour,Cereal box
4533931,Cups Mango Peach,Super-flavour,Cereal box
4543948,Puffs Mango Peach,Super-flavour,Cereal box
4554143,Stars Mango Peach,Sugar-free,Cereal bars
4564334,Crunch Life Mango Peach,Sugar-free,Cereal bars
4574433,Lucjy Charms Mango Peach,Sugar-free,Cereal bars
4584464,Muesli Mango Peach,Sugar-free,Cereal bars
4594501,Grain Mango Peach,Sugar-free,Cereal bars
4604976,Squares Mango Peach,Sugar-free,Cereal bars
4615034,Crisp Mango Peach,Sugar-free,Cereal bars
4625287,Toast Mango Peach,Super-flavour,Cereal box
4635546,Frosted Chocolate Choc Chip,Sugar-free,Cereal bars
4645560,Nut Cheerios Chocolate Choc Chip,Sugar-free,Cereal bars
4655669,MultiGrain Chocolate Choc Chip,Super-flavour,Cereal box
4665676,Crunch Chocolate Choc Chip,Super-flavour,Cereal box
4675706,Corn Chocolate Choc Chip,Sugar-free,Cereal bars
4685881,Graham Chocolate Choc Chip,Sugar-free,Cereal bars
4697052,Sugar Chocolate Choc Chip,Super-flavour,Cereal box
4709131,Peanut Butter Chocolate Choc Chip,Sugar-free,Cereal bars
4719179,Chocos Chocolate Choc Chip,Sugar-free,Cereal bars
4729193,Coco Poops Chocolate Choc Chip,Sugar-free,Cereal bars
4739414,Cookies Chocolate Choc Chip,Super-flavour,Cereal box
4749421,Crispy Rice Chocolate Choc Chip,Super-flavour,Cereal box
4759438,Crunch Berries Chocolate Choc Chip,Super-flavour,Cereal box
4769520,Cornflakes Chocolate Choc Chip,Super-flavour,Cereal box
4779537,Crunchy Bran Chocolate Choc Chip,Super-flavour,Cereal box
4789544,Crunchy Nut Cornflakes Chocolate Choc Chip,Super-flavour,Cereal box
4799551,Double Dip Crunch Chocolate Choc Chip,Super-flavour,Cereal box
4809797,Fruit & Bran Chocolate Choc Chip,Sugar-free,Cereal bars
4819810,Fruit & Nut Chocolate Choc Chip,Sugar-free,Cereal bars
4829827,Golden Goals Chocolate Choc Chip,Sugar-free,Cereal bars
4833271,Gorilla Chocolate Choc Chip,Super-flavour,Cereal box
4845541,Granola Chocolate Choc Chip,Super-flavour,Cereal box
4857257,Grape-Nuts Chocolate Choc Chip,Sugar-free,Cereal bars
4868445,Cups Chocolate Choc Chip,Super-flavour,Cereal box
4875184,Puffs Chocolate Choc Chip,Super-flavour,Cereal box
4886570,Stars Chocolate Choc Chip,Super-flavour,Cereal box
4890874,Crunch Life Chocolate Choc Chip,Super-flavour,Cereal box
4900911,Lucjy Charms Chocolate Choc Chip,Super-flavour,Cereal box
4914321,Muesli Chocolate Choc Chip,Super-flavour,Cereal box
4926110,Grain Chocolate Choc Chip,Super-flavour,Cereal box
4938121,Squares Chocolate Choc Chip,Sugar-free,Cereal bars
4948138,Crisp Chocolate Choc Chip,Sugar-free,Cereal bars
4952876,Toast Chocolate Choc Chip,Sugar-free,Cereal bars
4965430,Frosted Orio,Super-flavour,Cereal box
4972193,Nut Cheerios Orio,Super-flavour,Cereal box
4982230,MultiGrain Orio,Super-flavour,Cereal box
4992384,Crunch Orio,Super-flavour,Cereal box
5007624,Corn Orio,Sugar-free,LECHES UHT
5017938,Graham Orio,Super-flavour,Cereal box
5027289,Sugar Orio,Super-flavour,Cereal box
5030032,Peanut Butter Orio,Sugar-free,Cereal box
5040049,Chocos Orio,Sugar-free,Cereal box
5050087,Coco Poops Orio,Sugar-free,Cereal box
5068749,Cookies Orio,Super-flavour,Cereal box
5071062,Crispy Rice Orio,Super-flavour,Cereal box
5082045,Crunch Berries Orio,Super-flavour,Cereal box
5092052,Cornflakes Orio,Super-flavour,Cereal box
5103035,Crunchy Bran Orio,Super-flavour,Cereal box
5113042,Crunchy Nut Cornflakes Orio,Super-flavour,Cereal box
5123059,Double Dip Crunch Orio,Super-flavour,Cereal box
5133110,Fruit & Bran Orio,Super-flavour,Cereal box
5144025,Fruit & Nut Orio,Super-flavour,Cereal box
5151513,Golden Goals Orio,Sugar-free,Cereal box
5161520,Gorilla Orio,Sugar-free,Cereal box
5171537,Granola Orio,Sugar-free,Cereal box
5181544,Grape-Nuts Orio,Sugar-free,Cereal box
5191575,Cups Orio,Sugar-free,Cereal box
5200218,Puffs Orio,Sugar-free,Cereal box
5210263,Stars Orio,Sugar-free,Cereal box
5222907,Crunch Life Orio,Sugar-free,Cereal box
5230077,Lucjy Charms Orio,Sugar-free,Cereal box
5240084,Muesli Orio,Sugar-free,Cereal box
5250114,Grain Orio,Sugar-free,Cereal box
5260176,Squares Orio,Sugar-free,Cereal box
5270268,Crisp Orio,Sugar-free,Cereal box
5280619,Toast Orio,Sugar-free,Cereal box
5290909,Frosted Passionfruit,Sugar-free,Cereal box
5300930,Nut Cheerios Passionfruit,Sugar-free,Cereal box
5310961,MultiGrain Passionfruit,Sugar-free,Cereal box
5321050,Crunch Passionfruit,Sugar-free,Cereal box
5332149,Corn Passionfruit,Sugar-free,Cereal box
5342156,Graham Passionfruit,Sugar-free,Cereal box
5352200,Sugar Passionfruit,Sugar-free,Cereal box
5362361,Peanut Butter Passionfruit,Super-flavour,Cereal box
5372781,Chocos Passionfruit,Sugar-free,Cereal box
5382880,Coco Poops Passionfruit,Sugar-free,Cereal box
5392927,Cookies Passionfruit,Sugar-free,Cereal box
5402941,Crispy Rice Passionfruit,Sugar-free,Cereal box
5412958,Crunch Berries Passionfruit,Sugar-free,Cereal box
5422965,Cornflakes Passionfruit,Sugar-free,Cereal box
5432972,Crunchy Bran Passionfruit,Sugar-free,Cereal box
5443061,Crunchy Nut Cornflakes Passionfruit,Super-flavour,Cereal box
5453450,Double Dip Crunch Passionfruit,Sugar-free,Cereal box
5460007,Fruit & Bran Passionfruit,Sugar-free,Cereal box
5470021,Fruit & Nut Passionfruit,Sugar-free,Cereal box
5480038,Golden Goals Passionfruit,Sugar-free,Cereal box
5490052,Gorilla Passionfruit,Sugar-free,Cereal box
5500083,Granola Passionfruit,Sugar-free,Cereal box
5510090,Grape-Nuts Passionfruit,Sugar-free,Cereal box
5520212,Cups Passionfruit,Sugar-free,Cereal box
5530762,Puffs Passionfruit,Sugar-free,Cereal box
5541005,Stars Passionfruit,Sugar-free,Cereal box
5551043,Crunch Life Passionfruit,Sugar-free,Cereal box
5561111,Lucjy Charms Passionfruit,Sugar-free,Cereal box
5571166,Muesli Passionfruit,Sugar-free,Cereal box
5581020,Grain Passionfruit,Super-flavour,Cereal box
5591037,Squares Passionfruit,Super-flavour,Cereal box
5601075,Crisp Passionfruit,Super-flavour,Cereal box
5611082,Toast Passionfruit,Super-flavour,Cereal box
5621099,Frosted Coconut,Super-flavour,Cereal box
5630173,Nut Cheerios Coconut,Super-flavour,Cereal box
5640449,MultiGrain Coconut,Super-flavour,Cereal box
5658737,Crunch Coconut,Super-flavour,Cereal box
5661029,Corn Coconut,Sugar-free,Cereal box
5671050,Graham Coconut,Sugar-free,Cereal box
5681067,Sugar Coconut,Sugar-free,Cereal box
5691081,Peanut Butter Coconut,Sugar-free,Cereal box
5701098,Chocos Coconut,Sugar-free,Cereal box
5711104,Coco Poops Coconut,Sugar-free,Cereal box
5721111,Cookies Coconut,Sugar-free,Cereal box
5731135,Crispy Rice Coconut,Sugar-free,Cereal box
5741159,Crunch Berries Coconut,Sugar-free,Cereal box
5751173,Cornflakes Coconut,Sugar-free,Cereal box
5761180,Crunchy Bran Coconut,Sugar-free,Cereal box
5771197,Crunchy Nut Cornflakes Coconut,Sugar-free,Cereal box
5781203,Double Dip Crunch Coconut,Sugar-free,Cereal box
5791234,Fruit & Bran Coconut,Sugar-free,Cereal box
5801265,Fruit & Nut Coconut,Sugar-free,Cereal box
5811272,Golden Goals Coconut,Sugar-free,Cereal box
5821302,Gorilla Coconut,Sugar-free,Cereal box
5831340,Granola Coconut,Sugar-free,Cereal box
5841364,Grape-Nuts Coconut,Sugar-free,Cereal box
5851906,Cups Coconut,Sugar-free,Cereal box
5861913,Puffs Coconut,Sugar-free,Cereal box
5872668,Stars Coconut,Sugar-free,Cereal box
5882736,Crunch Life Coconut,Sugar-free,Cereal box
5892989,Lucjy Charms Coconut,Sugar-free,Cereal box
5902996,Muesli Coconut,Sugar-free,Cereal box
5913108,Grain Coconut,Sugar-free,Cereal box
5923115,Squares Coconut,Sugar-free,Cereal box
5933122,Crisp Coconut,Sugar-free,Cereal box
5943139,Toast Coconut,Sugar-free,Cereal box
5954051,Frosted Coffee,Sugar-free,Cereal box
5964259,Nut Cheerios Coffee,Super-flavour,Cereal box
5974297,MultiGrain Coffee,Super-flavour,Cereal box
5984303,Crunch Coffee,Super-flavour,Cereal box
5994310,Corn Coffee,Super-flavour,Cereal box
6004365,Graham Coffee,Super-flavour,Cereal box
6014426,Sugar Coffee,Sugar-free,Cereal box
6024471,Peanut Butter Coffee,Sugar-free,Cereal box
6034488,Chocos Coffee,Sugar-free,Cereal box
6044495,Coco Poops Coffee,Sugar-free,Cereal box
6054501,Cookies Coffee,Sugar-free,Cereal box
6064518,Crispy Rice Coffee,Sugar-free,Cereal box
6074617,Crunch Berries Coffee,Sugar-free,Cereal box
6084648,Cornflakes Coffee,Sugar-free,Cereal box
6094655,Crunchy Bran Coffee,Sugar-free,Cereal box
6104662,Crunchy Nut Cornflakes Coffee,Sugar-free,Cereal box
6110500,Double Dip Crunch Coffee,Sugar-free,Cereal box
6120017,Fruit & Bran Coffee,Super-flavour,Cereal box
6130024,Fruit & Nut Coffee,Super-flavour,Cereal box
6140055,Golden Goals Coffee,Super-flavour,Cereal box
6150062,Gorilla Coffee,Super-flavour,Cereal box
6160116,Granola Coffee,Sugar-free,Cereal box
6170208,Grape-Nuts Coffee,Sugar-free,Cereal box
6180215,Cups Coffee,Sugar-free,Cereal box
6190222,Puffs Coffee,Sugar-free,Cereal box
6202011,Stars Coffee,Sugar-free,Cereal box
6212416,Crunch Life Coffee,Sugar-free,Cereal box
6223222,Lucjy Charms Coffee,Sugar-free,Cereal box
6233246,Muesli Coffee,Sugar-free,Cereal box
6243253,Grain Coffee,Sugar-free,Cereal box
6254120,Squares Coffee,Sugar-free,Cereal box
6261418,Crisp Coffee,Sugar-free,Cereal box
6271425,Toast Coffee,Sugar-free,Cereal box
6281449,Frosted Pineapple,Sugar-free,Cereal box
6290019,Nut Cheerios Pineapple,Sugar-free,Cereal box
6301005,MultiGrain Pineapple,Sugar-free,Cereal box
6311012,Crunch Pineapple,Sugar-free,Cereal box
6321029,Corn Pineapple,Sugar-free,Cereal box
6331036,Graham Pineapple,Sugar-free,Cereal box
6341043,Sugar Pineapple,Sugar-free,Cereal box
6351050,Peanut Butter Pineapple,Sugar-free,Cereal box
6361173,Chocos Pineapple,Sugar-free,Cereal box
6371319,Coco Poops Pineapple,Sugar-free,Cereal box
6381326,Cookies Pineapple,Sugar-free,Cereal box
6391401,Crispy Rice Pineapple,Sugar-free,Cereal box
6401418,Crunch Berries Pineapple,Sugar-free,Cereal box
6411555,Cornflakes Pineapple,Sugar-free,Cereal box
6421562,Crunchy Bran Pineapple,Sugar-free,Cereal box
6431609,Crunchy Nut Cornflakes Pineapple,Sugar-free,Cereal box
6441616,Double Dip Crunch Pineapple,Sugar-free,Cereal box
6451623,Fruit & Bran Pineapple,Sugar-free,Cereal box
6461654,Fruit & Nut Pineapple,Sugar-free,Cereal box
6471661,Golden Goals Pineapple,Sugar-free,Cereal box
6481678,Gorilla Pineapple,Sugar-free,Cereal box
6491777,Granola Pineapple,Sugar-free,Cereal box
6501791,Grape-Nuts Pineapple,Sugar-free,Cereal box
6511906,Cups Pineapple,Sugar-free,Cereal box
6521913,Puffs Pineapple,Sugar-free,Cereal box
6531937,Stars Pineapple,Sugar-free,Cereal box
6542018,Crunch Life Pineapple,Super-flavour,Cereal box
6552025,Lucjy Charms Pineapple,Super-flavour,Cereal box
6560146,Muesli Pineapple,Sugar-free,Cereal box
6578033,Grain Pineapple,Super-flavour,Cereal box
6581000,Squares Pineapple,Sugar-free,Cereal box
6591024,Crisp Pineapple,Sugar-free,Cereal box
6601048,Toast Pineapple,Sugar-free,Cereal box
6611062,Frosted Almond,Sugar-free,Cereal box
6621079,Nut Cheerios Almond,Sugar-free,Cereal box
6631116,MultiGrain Almond,Sugar-free,Cereal box
6641123,Crunch Almond,Sugar-free,Cereal box
6651130,Corn Almond,Sugar-free,Cereal box
6661154,Graham Almond,Sugar-free,Cereal box
6671178,Sugar Almond,Sugar-free,Cereal box
6681185,Peanut Butter Almond,Sugar-free,Cereal box
6691192,Chocos Almond,Sugar-free,Cereal box
6701376,Coco Poops Almond,Sugar-free,Cereal box
6711383,Cookies Almond,Sugar-free,Cereal box
6721406,Crispy Rice Almond,Sugar-free,Cereal box
6731482,Crunch Berries Almond,Sugar-free,Cereal box
6741499,Cornflakes Almond,Sugar-free,Cereal box
6751505,Crunchy Bran Almond,Sugar-free,Cereal box
6761918,Crunchy Nut Cornflakes Almond,Sugar-free,Cereal box
6771925,Double Dip Crunch Almond,Sugar-free,Cereal box
6782021,Fruit & Bran Almond,Sugar-free,Cereal box
6792045,Fruit & Nut Almond,Sugar-free,Cereal box
6802113,Golden Goals Almond,Sugar-free,Cereal box
6812120,Gorilla Almond,Sugar-free,Cereal box
6822144,Granola Almond,Sugar-free,Cereal box
6832199,Grape-Nuts Almond,Sugar-free,Cereal box
6842205,Cups Almond,Sugar-free,Cereal box
6852229,Puffs Almond,Sugar-free,Cereal box
6862298,Stars Almond,Sugar-free,Cereal box
6873042,Crunch Life Almond,Sugar-free,Cereal box
6883073,Lucjy Charms Almond,Sugar-free,Cereal box
6893080,Muesli Almond,Sugar-free,Cereal box
6903110,Grain Almond,Sugar-free,Cereal box
6914018,Squares Almond,Sugar-free,Cereal box
6924100,Crisp Almond,Sugar-free,Cereal box
6934131,Toast Almond,Super-flavour,Cereal box
6944179,Frosted Fruity,Sugar-free,Cereal box
6954186,Nut Cheerios Fruity,Sugar-free,Cereal box
6964193,MultiGrain Fruity,Sugar-free,Cereal box
6974216,Crunch Fruity,Sugar-free,Cereal box
6984223,Corn Fruity,Sugar-free,Cereal box
6994230,Graham Fruity,Sugar-free,Cereal box
7004292,Sugar Fruity,Sugar-free,Cereal box
7014315,Peanut Butter Fruity,Sugar-free,Cereal box
7024353,Chocos Fruity,Sugar-free,Cereal box
7034414,Coco Poops Fruity,Sugar-free,Cereal box
7044490,Cookies Fruity,Sugar-free,Cereal box
7054742,Crispy Rice Fruity,Sugar-free,Cereal box
7064759,Crunch Berries Fruity,Sugar-free,Cereal box
7074766,Cornflakes Fruity,Sugar-free,Cereal box
7084773,Crunchy Bran Fruity,Sugar-free,Cereal box
7097088,Crunchy Nut Cornflakes Fruity,Super-flavour,Cereal box
7107101,Double Dip Crunch Fruity,Super-flavour,Cereal box
7117118,Fruit & Bran Fruity,Super-flavour,Cereal box
7127125,Fruit & Nut Fruity,Super-flavour,Cereal box
7137309,Golden Goals Fruity,Sugar-free,Cereal box
7148023,Gorilla Fruity,Sugar-free,Cereal box
7158153,Granola Fruity,Super-flavour,Cereal box
7168627,Grape-Nuts Fruity,Sugar-free,Cereal box
7179020,Cups Fruity,Sugar-free,Cereal box
7189877,Puffs Fruity,Super-flavour,Cereal box
7199891,Stars Fruity,Super-flavour,Cereal box
7209804,Crunch Life Fruity,Super-flavour,Cereal box
7219811,Lucjy Charms Fruity,Super-flavour,Cereal box
7229828,Muesli Fruity,Super-flavour,Cereal box
7239972,Grain Fruity,Sugar-free,Cereal box
7240008,Squares Fruity,Sugar-free,Cereal box
7250480,Crisp Fruity,Sugar-free,Cereal box
7260565,Toast Fruity,Sugar-free,Cereal box
7270572,Frosted Vanilla,Sugar-free,Cereal box
7280589,Nut Cheerios Vanilla,Sugar-free,Cereal box
7290596,MultiGrain Vanilla,Sugar-free,Cereal box
7300602,Crunch Vanilla,Sugar-free,Cereal box
7311470,Corn Vanilla,Sugar-free,Cereal box
7321517,Graham Vanilla,Sugar-free,Cereal box
7331548,Sugar Vanilla,Sugar-free,Cereal box
7341579,Peanut Butter Vanilla,Sugar-free,Cereal box
7351586,Chocos Vanilla,Sugar-free,Cereal box
7361623,Coco Poops Vanilla,Sugar-free,Cereal box
7370021,Cookies Vanilla,Sugar-free,Cereal box
7380038,Crispy Rice Vanilla,Sugar-free,Cereal box
7390215,Crunch Berries Vanilla,Sugar-free,Cereal box
7400413,Cornflakes Vanilla,Sugar-free,Cereal box
7410833,Crunchy Bran Vanilla,Sugar-free,Cereal box
7421403,Crunchy Nut Cornflakes Vanilla,Sugar-free,Cereal box
7431410,Double Dip Crunch Vanilla,Sugar-free,Cereal box
7441427,Fruit & Bran Vanilla,Sugar-free,Cereal box
7451991,Fruit & Nut Vanilla,Sugar-free,Cereal box
7462042,Golden Goals Vanilla,Sugar-free,Cereal box
7472295,Gorilla Vanilla,Sugar-free,Cereal box
7482301,Granola Vanilla,Sugar-free,Cereal box
7492370,Grape-Nuts Vanilla,Sugar-free,Cereal box
7502493,Cups Vanilla,Sugar-free,Cereal box
7512554,Puffs Vanilla,Sugar-free,Cereal box
7522660,Stars Vanilla,Sugar-free,Cereal box
7532936,Crunch Life Vanilla,Sugar-free,Cereal box
7541216,Lucjy Charms Vanilla,Sugar-free,Cereal box
7552325,Muesli Vanilla,Sugar-free,Cereal box
7560023,Grain Vanilla,Sugar-free,Cereal box
7570047,Squares Vanilla,Sugar-free,Cereal box
7580061,Crisp Vanilla,Sugar-free,Cereal box
7590078,Toast Vanilla,Sugar-free,Cereal box
7600128,Frosted Pear,Super-flavour,Cereal box
7610004,Nut Cheerios Pear,Sugar-free,Cereal box
7620011,MultiGrain Pear,Sugar-free,Cereal box
7631797,Crunch Pear,Sugar-free,Cereal box
7641841,Corn Pear,Sugar-free,Cereal box
7651902,Graham Pear,Sugar-free,Cereal box
7661919,Sugar Pear,Sugar-free,Cereal box
7672060,Peanut Butter Pear,Sugar-free,Cereal box
7682169,Chocos Pear,Sugar-free,Cereal box
7692190,Coco Poops Pear,Sugar-free,Cereal box
7702206,Cookies Pear,Sugar-free,Cereal box
7710027,Crispy Rice Pear,Sugar-free,Cereal box
7720034,Crunch Berries Pear,Sugar-free,Cereal box
7730089,Cornflakes Pear,Sugar-free,Cereal box
7740126,Crunchy Bran Pear,Sugar-free,Cereal box
7750133,Crunchy Nut Cornflakes Pear,Sugar-free,Cereal box
7760140,Double Dip Crunch Pear,Sugar-free,Cereal box
7770157,Fruit & Bran Pear,Sugar-free,Cereal box
7780201,Fruit & Nut Pear,Sugar-free,Cereal box
7790607,Golden Goals Pear,Sugar-free,Cereal box
7800145,Gorilla Pear,Super-flavour,Cereal box
7810237,Granola Pear,Super-flavour,Cereal box
7820244,Grape-Nuts Pear,Super-flavour,Cereal box
7831012,Cups Pear,Sugar-free,Cereal box
7841197,Puffs Pear,Sugar-free,Cereal box
7851203,Stars Pear,Sugar-free,Cereal box
7862088,Crunch Life Pear,Sugar-free,Cereal box
7872125,Lucjy Charms Pear,Sugar-free,Cereal box
7883146,Muesli Pear,Sugar-free,Cereal box
7893184,Grain Pear,Sugar-free,Cereal box
7909111,Squares Pear,Super-flavour,Cereal box
7919685,Crisp Pear,Super-flavour,Cereal box
7929890,Toast Pear,Super-flavour,Cereal box
7932005,Frosted Bitter Almond,Super-flavour,Cereal box
7941604,Nut Cheerios Bitter Almond,Super-flavour,Cereal box
7952885,MultiGrain Bitter Almond,Super-flavour,Cereal box
7963790,Crunch Bitter Almond,Sugar-free,Cereal box
7973806,Corn Bitter Almond,Sugar-free,Cereal box
7983844,Graham Bitter Almond,Sugar-free,Cereal box
7993851,Sugar Bitter Almond,Sugar-free,Cereal box
8003943,Peanut Butter Bitter Almond,Sugar-free,Cereal box
8013950,Chocos Bitter Almond,Sugar-free,Cereal box
8025121,Coco Poops Bitter Almond,Super-flavour,Cereal box
8030013,Cookies Bitter Almond,Super-flavour,Cereal box
8040037,Crispy Rice Bitter Almond,Super-flavour,Cereal box
8050068,Crunch Berries Bitter Almond,Super-flavour,Cereal box
8060082,Cornflakes Bitter Almond,Super-flavour,Cereal box
8070099,Crunchy Bran Bitter Almond,Super-flavour,Cereal box
8080129,Crunchy Nut Cornflakes Bitter Almond,Super-flavour,Cereal box
8090017,Double Dip Crunch Bitter Almond,Sugar-free,Cereal box
8100031,Fruit & Bran Bitter Almond,Sugar-free,Cereal box
8110013,Fruit & Nut Bitter Almond,Sugar-free,Cereal box
8120051,Golden Goals Bitter Almond,Sugar-free,Cereal box
8130647,Gorilla Bitter Almond,Sugar-free,Cereal box
8140654,Granola Bitter Almond,Sugar-free,Cereal box
8150661,Grape-Nuts Bitter Almond,Sugar-free,Cereal box
8160678,Cups Bitter Almond,Sugar-free,Cereal box
8171262,Puffs Bitter Almond,Sugar-free,Cereal box
8181279,Stars Bitter Almond,Sugar-free,Cereal box
8190013,Crunch Life Bitter Almond,Sugar-free,Cereal box
8200020,Lucjy Charms Bitter Almond,Sugar-free,Cereal box
8210044,Muesli Bitter Almond,Sugar-free,Cereal box
8220082,Grain Bitter Almond,Sugar-free,Cereal box
8230112,Squares Bitter Almond,Sugar-free,Cereal box
8240129,Crisp Bitter Almond,Sugar-free,Cereal box
8250136,Toast Bitter Almond,Sugar-free,Cereal box
8260198,Frosted cherry,Sugar-free,Cereal box
8270273,Nut Cheerios cherry,Sugar-free,Cereal box
8280280,MultiGrain cherry,Sugar-free,Cereal box
8290297,Crunch cherry,Sugar-free,Cereal box
8300303,Corn cherry,Sugar-free,Cereal box
8310310,Graham cherry,Sugar-free,Cereal box
8320327,Sugar cherry,Sugar-free,Cereal box
8331010,Peanut Butter cherry,Sugar-free,Cereal box
8341041,Chocos cherry,Sugar-free,Cereal box
8351089,Coco Poops cherry,Sugar-free,Cereal box
8361096,Cookies cherry,Sugar-free,Cereal box
8371119,Crispy Rice cherry,Sugar-free,Cereal box
8382437,Crunch Berries cherry,Sugar-free,Cereal box
8392444,Cornflakes cherry,Sugar-free,Cereal box
8402451,Crunchy Bran cherry,Sugar-free,Cereal box
8412468,Crunchy Nut Cornflakes cherry,Sugar-free,Cereal box
8423014,Double Dip Crunch cherry,Sugar-free,Cereal box
8433021,Fruit & Bran cherry,Sugar-free,Cereal box
8442016,Fruit & Nut cherry,Sugar-free,Cereal box
8452030,Golden Goals cherry,Sugar-free,Cereal box
8462061,Gorilla cherry,Sugar-free,Cereal box
8472078,Granola cherry,Sugar-free,Cereal box
8480025,Grape-Nuts cherry,Super-flavour,Cereal box
8490027,Cups cherry,Sugar-free,Cereal box
8500034,Puffs cherry,Sugar-free,Cereal box
8510041,Stars cherry,Sugar-free,Cereal box
8520058,Crunch Life cherry,Sugar-free,Cereal box
8530065,Lucjy Charms cherry,Sugar-free,Cereal box
8540072,Muesli cherry,Sugar-free,Cereal box
8550126,Grain cherry,Sugar-free,Cereal box
8560607,Squares cherry,Sugar-free,Cereal box
8570614,Crisp cherry,Sugar-free,Cereal box
8580621,Toast cherry,Sugar-free,Cereal box
8590638,Frosted Grapy ,Sugar-free,Cereal box
8601116,Nut Cheerios Grapy ,Sugar-free,Cereal box
8611314,MultiGrain Grapy ,Sugar-free,Cereal box
8622113,Crunch Grapy ,Sugar-free,Cereal box
8632311,Corn Grapy ,Sugar-free,Cereal box
8643110,Graham Grapy ,Sugar-free,Cereal box
8655114,Sugar Grapy ,Sugar-free,Cereal box
8660026,Peanut Butter Grapy ,Sugar-free,Cereal box
8670033,Chocos Grapy ,Sugar-free,Cereal box
8680309,Coco Poops Grapy ,Sugar-free,Cereal box
8690316,Cookies Grapy ,Sugar-free,Cereal box
8700323,Crispy Rice Grapy ,Sugar-free,Cereal box
8710330,Crunch Berries Grapy ,Sugar-free,Cereal box
8723003,Cornflakes Grapy ,Sugar-free,Cereal box
8733010,Crunchy Bran Grapy ,Sugar-free,Cereal box
8743027,Crunchy Nut Cornflakes Grapy ,Sugar-free,Cereal box
8753034,Double Dip Crunch Grapy ,Sugar-free,Cereal box
8763065,Fruit & Bran Grapy ,Sugar-free,Cereal box
8770015,Fruit & Nut Grapy ,Super-flavour,Cereal box
8780022,Golden Goals Grapy ,Super-flavour,Cereal box
8790039,Gorilla Grapy ,Super-flavour,Cereal box
8800046,Granola Grapy ,Super-flavour,Cereal box
8810107,Grape-Nuts Grapy ,Super-flavour,Cereal box
8820156,Cups Grapy ,Sugar-free,Cereal box
8830021,Puffs Grapy ,Super-flavour,Cereal box
8840038,Stars Grapy ,Super-flavour,Cereal box
8850069,Crunch Life Grapy ,Super-flavour,Cereal box
8860137,Lucjy Charms Grapy ,Super-flavour,Cereal box
8872341,Muesli Grapy ,Sugar-free,Cereal box
8883703,Grain Grapy ,Sugar-free,Cereal box
8893710,Squares Grapy ,Sugar-free,Cereal box
8900010,Crisp Grapy ,Sugar-free,Cereal box
8910019,Toast Grapy ,Super-flavour,Cereal box
8920026,Frosted Cotton Candy,Super-flavour,Cereal box
8930013,Nut Cheerios Cotton Candy,Sugar-free,Cereal box
8940020,MultiGrain Cotton Candy,Sugar-free,Cereal box
8950044,Crunch Cotton Candy,Sugar-free,Cereal box
8960019,Corn Cotton Candy,Sugar-free,Cereal box
8970026,Graham Cotton Candy,Sugar-free,Cereal box
8980033,Sugar Cotton Candy,Sugar-free,Cereal box
8990293,Peanut Butter Cotton Candy,Sugar-free,Cereal box
9001111,Chocos Cotton Candy,Sugar-free,Cereal box
9011128,Coco Poops Cotton Candy,Sugar-free,Cereal box
9021135,Cookies Cotton Candy,Sugar-free,Cereal box
9031180,Crispy Rice Cotton Candy,Sugar-free,Cereal box
9045171,Crunch Berries Cotton Candy,Sugar-free,Cereal box
9050083,Cornflakes Cotton Candy,Sugar-free,Cereal box
9060090,Crunchy Bran Cotton Candy,Sugar-free,Cereal box
9072341,Crunchy Nut Cornflakes Cotton Candy,Sugar-free,Cereal box
9083453,Double Dip Crunch Cotton Candy,Sugar-free,Cereal box
9090017,Fruit & Bran Cotton Candy,Sugar-free,Cereal box
9100024,Fruit & Nut Cotton Candy,Sugar-free,Cereal box
9110009,Golden Goals Cotton Candy,Sugar-free,Cereal box
9120023,Gorilla Cotton Candy,Sugar-free,Cereal box
9136789,Granola Cotton Candy,Sugar-free,Cereal box
9141452,Grape-Nuts Cotton Candy,Sugar-free,Cereal box
9150018,Cups Cotton Candy,Sugar-free,Cereal box
9160025,Puffs Cotton Candy,Sugar-free,Cereal box
9170032,Stars Cotton Candy,Sugar-free,Cereal box
9180049,Crunch Life Cotton Candy,Sugar-free,Cereal box
9190056,Lucjy Charms Cotton Candy,Sugar-free,Cereal box
9200070,Muesli Cotton Candy,Sugar-free,Cereal box
9210148,Grain Cotton Candy,Sugar-free,Cereal box
9220285,Squares Cotton Candy,Sugar-free,Cereal box
9230292,Crisp Cotton Candy,Sugar-free,Cereal box
9240346,Toast Cotton Candy,Sugar-free,Cereal box
9250353,Frosted Mint,Sugar-free,Cereal box
9264152,Nut Cheerios Mint,Super-flavour,Cereal box
9274220,MultiGrain Mint,Sugar-free,Cereal box
9284237,Crunch Mint,Sugar-free,Cereal box
9294075,Corn Mint,Sugar-free,Cereal box
9307052,Graham Mint,Sugar-free,Cereal box
9313046,Sugar Mint,Sugar-free,Cereal box
9322108,Peanut Butter Mint,Super-flavour,Cereal box
9336069,Chocos Mint,Super-flavour,Cereal box
9342053,Coco Poops Mint,Sugar-free,Cereal box
9353074,Cookies Mint,Sugar-free,Cereal box
9363128,Crispy Rice Mint,Sugar-free,Cereal box
9373135,Crunch Berries Mint,Sugar-free,Cereal box
9381030,Cornflakes Mint,Sugar-free,Cereal box
9391047,Crunchy Bran Mint,Sugar-free,Cereal box
9401054,Crunchy Nut Cornflakes Mint,Sugar-free,Cereal box
9411061,Double Dip Crunch Mint,Sugar-free,Cereal box
9421078,Fruit & Bran Mint,Sugar-free,Cereal box
9432013,Fruit & Nut Mint,Sugar-free,Cereal box
9442068,Golden Goals Mint,Sugar-free,Cereal box
9450013,Gorilla Mint,Sugar-free,Cereal box
9460020,Granola Mint,Sugar-free,Cereal box
9470037,Grape-Nuts Mint,Sugar-free,Cereal box
9480051,Cups Mint,Sugar-free,Cereal box
9496646,Puffs Mint,Super-flavour,Cereal box
9508404,Stars Mint,Super-flavour,Cereal box
9510102,Crunch Life Mint,Sugar-free,Cereal box
9523065,Lucjy Charms Mint,Sugar-free,Cereal box
9533690,Muesli Mint,Sugar-free,Cereal box
9544468,Grain Mint,Sugar-free,Cereal box
9554727,Squares Mint,Sugar-free,Cereal box
9565106,Crisp Mint,Super-flavour,Cereal box
9575540,Toast Mint,Sugar-free,Cereal box
9585731,Frosted Black Raspberry,Sugar-free,Cereal box
9595779,Nut Cheerios Black Raspberry,Super-flavour,Cereal box
9606158,MultiGrain Black Raspberry,Sugar-free,Cereal box
9617599,Crunch Black Raspberry,Sugar-free,Cereal box
9627865,Corn Black Raspberry,Sugar-free,Cereal box
9637919,Graham Black Raspberry,Sugar-free,Cereal box
9647926,Sugar Black Raspberry,Sugar-free,Cereal box
9657933,Peanut Butter Black Raspberry,Sugar-free,Cereal box
9664946,Chocos Black Raspberry,Super-flavour,Cereal box
9675042,Coco Poops Black Raspberry,Super-flavour,Cereal box
9680525,Cookies Black Raspberry,Super-flavour,Cereal box
9690532,Crispy Rice Black Raspberry,Super-flavour,Cereal box
9700549,Crunch Berries Black Raspberry,Super-flavour,Cereal box
9710907,Cornflakes Black Raspberry,Super-flavour,Cereal box
9720990,Crunchy Bran Black Raspberry,Super-flavour,Cereal box
9731102,Crunchy Nut Cornflakes Black Raspberry,Super-flavour,Cereal box
9741119,Double Dip Crunch Black Raspberry,Super-flavour,Cereal box
9751157,Fruit & Bran Black Raspberry,Super-flavour,Cereal box
9761195,Fruit & Nut Black Raspberry,Super-flavour,Cereal box
9773104,Golden Goals Black Raspberry,Sugar-free,Cereal box
9783227,Gorilla Black Raspberry,Sugar-free,Cereal box
9795151,Granola Black Raspberry,Sugar-free,Cereal box
9809545,Grape-Nuts Black Raspberry,Sugar-free,Cereal box
9819552,Cups Black Raspberry,Sugar-free,Cereal box
9829569,Puffs Black Raspberry,Sugar-free,Cereal box
9839606,Stars Black Raspberry,Sugar-free,Cereal box
9849613,Crunch Life Black Raspberry,Sugar-free,Cereal box
9859620,Lucjy Charms Black Raspberry,Sugar-free,Cereal box
9869668,Muesli Black Raspberry,Sugar-free,Cereal box
9879675,Grain Black Raspberry,Sugar-free,Cereal box
9880633,Squares Black Raspberry,Sugar-free,Cereal box
9890848,Crisp Black Raspberry,Sugar-free,Cereal box
9900855,Toast Black Raspberry,Sugar-free,Cereal box
9911128,Frosted Blue Hawaiian,Sugar-free,Cereal box
9921135,Nut Cheerios Blue Hawaiian,Sugar-free,Cereal box
9931142,MultiGrain Blue Hawaiian,Sugar-free,Cereal box
9941340,Crunch Blue Hawaiian,Sugar-free,Cereal box
9951357,Corn Blue Hawaiian,Sugar-free,Cereal box
9961371,Graham Blue Hawaiian,Sugar-free,Cereal box
9971388,Sugar Blue Hawaiian,Super-flavour,Cereal box
9981906,Peanut Butter Blue Hawaiian,Sugar-free,Cereal box
9992101,Chocos Blue Hawaiian,Sugar-free,Cereal box
10002118,Coco Poops Blue Hawaiian,Sugar-free,Cereal box
10012149,Cookies Blue Hawaiian,Sugar-free,Cereal box
10022156,Crispy Rice Blue Hawaiian,Sugar-free,Cereal box
10032262,Crunch Berries Blue Hawaiian,Sugar-free,Cereal box
10042316,Cornflakes Blue Hawaiian,Sugar-free,Cereal box
10052323,Crunchy Bran Blue Hawaiian,Sugar-free,Cereal box
10062330,Crunchy Nut Cornflakes Blue Hawaiian,Sugar-free,Cereal box
10071962,Double Dip Crunch Blue Hawaiian,Sugar-free,Cereal box
10084624,Fruit & Bran Blue Hawaiian,Super-flavour,Cereal box
10094761,Fruit & Nut Blue Hawaiian,Super-flavour,Cereal box
10101163,Golden Goals Blue Hawaiian,Super-flavour,Cereal box
10111170,Gorilla Blue Hawaiian,Super-flavour,Cereal box
10121194,Granola Blue Hawaiian,Super-flavour,Cereal box
10137027,Grape-Nuts Blue Hawaiian,Super-flavour,Cereal box
10147072,Cups Blue Hawaiian,Super-flavour,Cereal box
10150022,Puffs Blue Hawaiian,Sugar-free,Cereal box
10160014,Stars Blue Hawaiian,Sugar-free,Cereal box
10170038,Crunch Life Blue Hawaiian,Sugar-free,Cereal box
10180037,Lucjy Charms Blue Hawaiian,Sugar-free,Cereal box
10190352,Muesli Blue Hawaiian,Sugar-free,Cereal box
10209486,Grain Blue Hawaiian,Sugar-free,Cereal box
10219509,Squares Blue Hawaiian,Sugar-free,Cereal box
10229516,Crisp Blue Hawaiian,Sugar-free,Cereal box
10239523,Toast Blue Hawaiian,Sugar-free,Cereal box
10249530,Frosted Blueberry,Sugar-free,Cereal box
10250060,Nut Cheerios Blueberry,Super-flavour,Cereal box
10268488,MultiGrain Blueberry,Sugar-free,Cereal box
10274573,Crunch Blueberry,Sugar-free,Cereal box
10281335,Corn Blueberry,Sugar-free,Cereal box
10293810,Graham Blueberry,Sugar-free,Cereal box
10303827,Sugar Blueberry,Sugar-free,Cereal box
10310041,Peanut Butter Blueberry,Sugar-free,Cereal box
10320058,Chocos Blueberry,Sugar-free,Cereal box
10331017,Coco Poops Blueberry,Sugar-free,Cereal box
10341024,Cookies Blueberry,Sugar-free,Cereal box
10351086,Crispy Rice Blueberry,Sugar-free,Cereal box
10361093,Crunch Berries Blueberry,Sugar-free,Cereal box
10371154,Cornflakes Blueberry,Sugar-free,Cereal box
10381161,Crunchy Bran Blueberry,Sugar-free,Cereal box
10391185,Crunchy Nut Cornflakes Blueberry,Sugar-free,Cereal box
10401192,Double Dip Crunch Blueberry,Sugar-free,Cereal box
10411208,Fruit & Bran Blueberry,Sugar-free,Cereal box
10421246,Fruit & Nut Blueberry,Sugar-free,Cereal box
10431253,Golden Goals Blueberry,Sugar-free,Cereal box
10441260,Gorilla Blueberry,Sugar-free,Cereal box
10451468,Granola Blueberry,Sugar-free,Cereal box
10461475,Grape-Nuts Blueberry,Sugar-free,Cereal box
10471482,Cups Blueberry,Sugar-free,Cereal box
10481734,Puffs Blueberry,Sugar-free,Cereal box
10491758,Stars Blueberry,Sugar-free,Cereal box
10501765,Crunch Life Blueberry,Sugar-free,Cereal box
10511012,Lucjy Charms Blueberry,Super-flavour,Cereal box
10520014,Muesli Blueberry,Sugar-free,Cereal box
10531004,Grain Blueberry,Sugar-free,Cereal box
10541011,Squares Blueberry,Sugar-free,Cereal box
10551028,Crisp Blueberry,Sugar-free,Cereal box
10561035,Toast Blueberry,Sugar-free,Cereal box
10571097,Frosted Butter Pecan,Sugar-free,Cereal box
10581103,Nut Cheerios Butter Pecan,Sugar-free,Cereal box
10591110,MultiGrain Butter Pecan,Sugar-free,Cereal box
10601127,Crunch Butter Pecan,Sugar-free,Cereal box
10611134,Corn Butter Pecan,Sugar-free,Cereal box
10622032,Graham Butter Pecan,Sugar-free,Cereal box
10632049,Sugar Butter Pecan,Sugar-free,Cereal box
10642056,Peanut Butter Butter Pecan,Sugar-free,Cereal box
10652070,Chocos Butter Pecan,Sugar-free,Cereal box
10662100,Coco Poops Butter Pecan,Sugar-free,Cereal box
10672117,Cookies Butter Pecan,Sugar-free,Cereal box
10682520,Crispy Rice Butter Pecan,Sugar-free,Cereal box
10692537,Crunch Berries Butter Pecan,Sugar-free,Cereal box
10702544,Cornflakes Butter Pecan,Sugar-free,Cereal box
10712568,Crunchy Bran Butter Pecan,Sugar-free,Cereal box
10722612,Crunchy Nut Cornflakes Butter Pecan,Sugar-free,Cereal box
10734517,Double Dip Crunch Butter Pecan,Super-flavour,Cereal box
10744524,Fruit & Bran Butter Pecan,Super-flavour,Cereal box
10754555,Fruit & Nut Butter Pecan,Super-flavour,Cereal box
10764448,Golden Goals Butter Pecan,Super-flavour,Cereal box
10770259,Gorilla Butter Pecan,Sugar-free,Cereal box
10780303,Granola Butter Pecan,Sugar-free,Cereal box
10790556,Grape-Nuts Butter Pecan,Sugar-free,Cereal box
10800600,Cups Butter Pecan,Sugar-free,Cereal box
10810655,Puffs Butter Pecan,Sugar-free,Cereal box
10821102,Stars Butter Pecan,Sugar-free,Cereal box
10832703,Crunch Life Butter Pecan,Super-flavour,Cereal box
10842758,Lucjy Charms Butter Pecan,Super-flavour,Cereal box
10852925,Muesli Butter Pecan,Super-flavour,Cereal box
10863007,Grain Butter Pecan,Super-flavour,Cereal box
10873519,Squares Butter Pecan,Sugar-free,Cereal box
10883540,Crisp Butter Pecan,Sugar-free,Cereal box
10893748,Toast Butter Pecan,Sugar-free,Cereal box
10903755,Frosted Butterscotch,Sugar-free,Cereal box
10918588,Nut Cheerios Butterscotch,Sugar-free,Cereal box
10928595,MultiGrain Butterscotch,Sugar-free,Cereal box
10930729,Crunch Butterscotch,Sugar-free,Cereal box
10940797,Corn Butterscotch,Sugar-free,Cereal box
10950000,Graham Butterscotch,Sugar-free,Cereal box
10960017,Sugar Butterscotch,Sugar-free,Cereal box
10970406,Peanut Butter Butterscotch,Sugar-free,Cereal box
10987034,Chocos Butterscotch,Sugar-free,Cereal box
10997058,Coco Poops Butterscotch,Sugar-free,Cereal box
11007065,Cookies Butterscotch,Sugar-free,Cereal box
11017201,Crispy Rice Butterscotch,Sugar-free,Cereal box
11027300,Crunch Berries Butterscotch,Sugar-free,Cereal box
11037485,Cornflakes Butterscotch,Sugar-free,Cereal box
11047522,Crunchy Bran Butterscotch,Sugar-free,Cereal box
11057539,Crunchy Nut Cornflakes Butterscotch,Super-flavour,Cereal box
11067652,Double Dip Crunch Butterscotch,Sugar-free,Cereal box
11078321,Fruit & Bran Butterscotch,Sugar-free,Cereal box
11088369,Fruit & Nut Butterscotch,Sugar-free,Cereal box
11098376,Golden Goals Butterscotch,Sugar-free,Cereal box
11108406,Gorilla Butterscotch,Sugar-free,Cereal box
11118567,Granola Butterscotch,Sugar-free,Cereal box
11128628,Grape-Nuts Butterscotch,Sugar-free,Cereal box
11133174,Cups Butterscotch,Sugar-free,Cereal box
11144019,Puffs Butterscotch,Sugar-free,Cereal box
11154026,Stars Butterscotch,Sugar-free,Cereal box
11164033,Crunch Life Butterscotch,Sugar-free,Cereal box
11174040,Lucjy Charms Butterscotch,Sugar-free,Cereal box
11184118,Muesli Butterscotch,Sugar-free,Cereal box
11194125,Grain Butterscotch,Sugar-free,Cereal box
11204132,Squares Butterscotch,Sugar-free,Cereal box
11214415,Crisp Butterscotch,Sugar-free,Cereal box
11228721,Toast Butterscotch,Super-flavour,Cereal box
11233010,Frosted Cake Batter Supreme,Sugar-free,Cereal box
11243027,Nut Cheerios Cake Batter Supreme,Sugar-free,Cereal box
11253065,MultiGrain Cake Batter Supreme,Sugar-free,Cereal box
11263102,Crunch Cake Batter Supreme,Sugar-free,Cereal box
11273119,Corn Cake Batter Supreme,Sugar-free,Cereal box
11284060,Graham Cake Batter Supreme,Sugar-free,Cereal box
11294220,Sugar Cake Batter Supreme,Sugar-free,Cereal box
11304916,Peanut Butter Cake Batter Supreme,Sugar-free,Cereal box
11314930,Chocos Cake Batter Supreme,Sugar-free,Cereal box
11326013,Coco Poops Cake Batter Supreme,Sugar-free,Cereal box
11336044,Cookies Cake Batter Supreme,Sugar-free,Cereal box
11346051,Crispy Rice Cake Batter Supreme,Sugar-free,Cereal box
11351009,Crunch Berries Cake Batter Supreme,Sugar-free,Cereal box
11361313,Cornflakes Cake Batter Supreme,Super-flavour,Cereal box
11377505,Crunchy Bran Cake Batter Supreme,Super-flavour,Cereal box
11387512,Crunchy Nut Cornflakes Cake Batter Supreme,Super-flavour,Cereal box
11397529,Double Dip Crunch Cake Batter Supreme,Super-flavour,Cereal box
11407550,Fruit & Bran Cake Batter Supreme,Super-flavour,Cereal box
11419153,Fruit & Nut Cake Batter Supreme,Sugar-free,Cereal box
11427069,Golden Goals Cake Batter Supreme,Super-flavour,Cereal box
11437076,Gorilla Cake Batter Supreme,Super-flavour,Cereal box
11448240,Granola Cake Batter Supreme,Sugar-free,Cereal box
11458257,Grape-Nuts Cake Batter Supreme,Sugar-free,Cereal box
11468318,Cups Cake Batter Supreme,Sugar-free,Cereal box
11475071,Puffs Cake Batter Supreme,Sugar-free,Cereal box
11485088,Stars Cake Batter Supreme,Sugar-free,Cereal box
11495095,Crunch Life Cake Batter Supreme,Sugar-free,Cereal box
11505163,Lucjy Charms Cake Batter Supreme,Sugar-free,Cereal box
11515224,Muesli Cake Batter Supreme,Sugar-free,Cereal box
11525231,Grain Cake Batter Supreme,Sugar-free,Cereal box
11535408,Squares Cake Batter Supreme,Sugar-free,Cereal box
11545491,Crisp Cake Batter Supreme,Sugar-free,Cereal box
11555507,Toast Cake Batter Supreme,Sugar-free,Cereal box
11565903,Frosted Cantaloupe,Sugar-free,Cereal box
11571078,Nut Cheerios Cantaloupe,Sugar-free,Cereal box
11581085,MultiGrain Cantaloupe,Sugar-free,Cereal box
11591092,Crunch Cantaloupe,Sugar-free,Cereal box
11601146,Corn Cantaloupe,Sugar-free,Cereal box
11611153,Graham Cantaloupe,Sugar-free,Cereal box
11621160,Sugar Cantaloupe,Sugar-free,Cereal box
11631184,Peanut Butter Cantaloupe,Super-flavour,Cereal box
11646123,Chocos Cantaloupe,Sugar-free,Cereal box
11656020,Coco Poops Cantaloupe,Sugar-free,Cereal box
11666389,Cookies Cantaloupe,Sugar-free,Cereal box
11676396,Crispy Rice Cantaloupe,Sugar-free,Cereal box
11686563,Crunch Berries Cantaloupe,Sugar-free,Cereal box
11697003,Cornflakes Cantaloupe,Sugar-free,Cereal box
11707010,Crunchy Bran Cantaloupe,Sugar-free,Cereal box
11717027,Crunchy Nut Cornflakes Cantaloupe,Sugar-free,Cereal box
11727034,Double Dip Crunch Cantaloupe,Sugar-free,Cereal box
11736018,Fruit & Bran Cantaloupe,Sugar-free,Cereal box
11746025,Fruit & Nut Cantaloupe,Sugar-free,Cereal box
11756032,Golden Goals Cantaloupe,Sugar-free,Cereal box
11766049,Gorilla Cantaloupe,Sugar-free,Cereal box
11776087,Granola Cantaloupe,Super-flavour,Cereal box
11782255,Grape-Nuts Cantaloupe,Sugar-free,Cereal box
11792361,Cups Cantaloupe,Sugar-free,Cereal box
11802293,Puffs Cantaloupe,Super-flavour,Cereal box
11812460,Stars Cantaloupe,Super-flavour,Cereal box
11822507,Crunch Life Cantaloupe,Super-flavour,Cereal box
11831011,Lucjy Charms Cantaloupe,Sugar-free,Cereal box
11841028,Muesli Cantaloupe,Sugar-free,Cereal box
11851035,Grain Cantaloupe,Sugar-free,Cereal box
11861042,Squares Cantaloupe,Sugar-free,Cereal box
11871165,Crisp Cantaloupe,Sugar-free,Cereal box
11881240,Toast Cantaloupe,Sugar-free,Cereal box
11898099,Frosted Cherry Jubilee,Sugar-free,Cereal box
11908112,Nut Cheerios Cherry Jubilee,Sugar-free,Cereal box
11918204,MultiGrain Cherry Jubilee,Sugar-free,Cereal box
11922108,Crunch Cherry Jubilee,Sugar-free,Cereal box
11932115,Corn Cherry Jubilee,Sugar-free,Cereal box
11948559,Graham Cherry Jubilee,Super-flavour,Cereal box
11952007,Sugar Cherry Jubilee,Sugar-free,Cereal box
11963009,Peanut Butter Cherry Jubilee,Super-flavour,Cereal box
11979047,Chocos Cherry Jubilee,Sugar-free,Cereal box
11983005,Coco Poops Cherry Jubilee,Sugar-free,Cereal box
11993159,Cookies Cherry Jubilee,Super-flavour,Cereal box
12001014,Crispy Rice Cherry Jubilee,Sugar-free,Cereal box
12011021,Crunch Berries Cherry Jubilee,Sugar-free,Cereal box
12021045,Cornflakes Cherry Jubilee,Sugar-free,Cereal box
12031052,Crunchy Bran Cherry Jubilee,Sugar-free,Cereal box
12041069,Crunchy Nut Cornflakes Cherry Jubilee,Sugar-free,Cereal box
12051076,Double Dip Crunch Cherry Jubilee,Super-flavour,Cereal box
12061113,Fruit & Bran Cherry Jubilee,Sugar-free,Cereal box
12075006,Fruit & Nut Cherry Jubilee,Sugar-free,Cereal box
12085129,Golden Goals Cherry Jubilee,Sugar-free,Cereal box
12097002,Gorilla Cherry Jubilee,Sugar-free,Cereal box
12107040,Granola Cherry Jubilee,Sugar-free,Cereal box
12117064,Grape-Nuts Cherry Jubilee,Sugar-free,Cereal box
12123087,Cups Cherry Jubilee,Sugar-free,Cereal box
12133094,Puffs Cherry Jubilee,Sugar-free,Cereal box
12143100,Stars Cherry Jubilee,Sugar-free,Cereal box
12153148,Crunch Life Cherry Jubilee,Sugar-free,Cereal box
12163155,Lucjy Charms Cherry Jubilee,Sugar-free,Cereal box
12173841,Muesli Cherry Jubilee,Sugar-free,Cereal box
12185008,Grain Cherry Jubilee,Super-flavour,Cereal box
12190277,Squares Cherry Jubilee,Super-flavour,Cereal box
12200008,Crisp Cherry Jubilee,Sugar-free,Cereal box
12210022,Toast Cherry Jubilee,Sugar-free,Cereal box
12220114,Frosted Chilifest Chocolate,Sugar-free,Cereal box
12230138,Nut Cheerios Chilifest Chocolate,Sugar-free,Cereal box
12245465,MultiGrain Chilifest Chocolate,Sugar-free,Cereal box
12257024,Crunch Chilifest Chocolate,Sugar-free,Cereal box
12267031,Corn Chilifest Chocolate,Sugar-free,Cereal box
12275124,Graham Chilifest Chocolate,Super-flavour,Cereal box
12286194,Sugar Chilifest Chocolate,Sugar-free,Cereal box
12297320,Peanut Butter Chilifest Chocolate,Sugar-free,Cereal box
12308181,Chocos Chilifest Chocolate,Super-flavour,Cereal box
12310801,Coco Poops Chilifest Chocolate,Sugar-free,Cereal box
12320393,Cookies Chilifest Chocolate,Super-flavour,Cereal box
12330522,Crispy Rice Chilifest Chocolate,Super-flavour,Cereal box
12349129,Crunch Berries Chilifest Chocolate,Sugar-free,Cereal box
12351122,Cornflakes Chilifest Chocolate,Sugar-free,Cereal box
12368203,Crunchy Bran Chilifest Chocolate,Sugar-free,Cereal box
12378210,Crunchy Nut Cornflakes Chilifest Chocolate,Sugar-free,Cereal box
12388227,Double Dip Crunch Chilifest Chocolate,Sugar-free,Cereal box
12399200,Fruit & Bran Chilifest Chocolate,Super-flavour,Cereal box
12409217,Fruit & Nut Chilifest Chocolate,Super-flavour,Cereal box
12419224,Golden Goals Chilifest Chocolate,Super-flavour,Cereal box
12420091,Gorilla Chilifest Chocolate,Sugar-free,Cereal box
